player_name,cluster,per90_gls,per90_ast,carries_prog,pct_take_on_suc,tkl_plus_int,pct_air_dual_won,ball_recov,age
Gautier Larsonneur,2,0.0,0.0,0.0,,1.0,63.6,41.0,27.0
Jordan Lefort,4,0.0,0.03,6.0,47.1,84.0,58.8,110.0,30.0
Gerónimo Rulli,2,0.0,0.0,0.0,,5.0,87.5,37.0,32.0
Lucas Chevalier,2,0.0,0.0,0.0,,3.0,100.0,70.0,22.0
Marcin Bułka,2,0.0,0.0,0.0,0.0,0.0,100.0,62.0,24.0
Yehvann Diouf,2,0.0,0.0,0.0,100.0,3.0,100.0,45.0,24.0
Lucas Perri,2,0.0,0.0,0.0,,1.0,100.0,29.0,26.0
Yahia Fofana,2,0.0,0.0,0.0,100.0,1.0,66.7,36.0,23.0
Marco Bizot,2,0.0,0.0,0.0,,2.0,100.0,34.0,33.0
Donovan Léon,2,0.0,0.06,0.0,100.0,0.0,87.5,33.0,31.0
Andrey Santos,0,0.32,0.09,29.0,48.6,142.0,60.7,188.0,20.0
Valentin Atangana Edoa,0,0.03,0.0,41.0,29.2,106.0,58.0,117.0,18.0
Himad Abdelli,1,0.19,0.03,107.0,47.1,74.0,39.4,193.0,24.0
Mason Greenwood,1,0.67,0.16,126.0,41.9,47.0,53.3,88.0,22.0
Đorđe Petrović,2,0.0,0.0,1.0,100.0,1.0,100.0,58.0,24.0
Zuriko Davitashvili,1,0.29,0.26,95.0,37.4,36.0,23.0,117.0,23.0
Gautier Lloris,4,0.07,0.03,13.0,57.1,102.0,65.3,100.0,29.0
Matthis Abline,1,0.29,0.07,75.0,40.7,15.0,45.7,83.0,21.0
Bafodé Diakité,4,0.13,0.03,15.0,100.0,58.0,72.6,139.0,23.0
Adrien Truffert,3,0.07,0.07,69.0,36.4,88.0,50.0,139.0,22.0
Moussa Niakhate,4,0.0,0.0,34.0,100.0,72.0,64.2,119.0,28.0
Guela Doué,0,0.03,0.07,51.0,65.9,99.0,61.1,162.0,21.0
Alexsandro Ribeiro,4,0.03,0.03,25.0,62.5,59.0,71.9,175.0,24.0
Benjamin Lecomte,2,0.0,0.0,0.0,,0.0,100.0,35.0,33.0
Cristian Cásseres Jr.,0,0.03,0.1,31.0,57.9,138.0,58.5,172.0,24.0
Benjamin André,0,0.0,0.1,29.0,40.9,151.0,53.4,189.0,33.0
Gaëtan Perrin,3,0.33,0.37,83.0,47.2,61.0,18.8,124.0,28.0
Junya Ito,3,0.13,0.1,100.0,42.7,58.0,37.8,135.0,31.0
Aron Dønnum,3,0.07,0.07,94.0,45.2,84.0,41.4,171.0,26.0
Kenny Lala,3,0.1,0.07,58.0,62.5,91.0,38.1,154.0,32.0
Florent Hanin,0,0.03,0.07,48.0,47.8,116.0,34.9,132.0,34.0
Pierre Højbjerg,3,0.07,0.14,36.0,29.2,106.0,53.8,171.0,28.0
Mahdi Camara,0,0.17,0.1,58.0,44.6,104.0,35.4,98.0,26.0
Keito Nakamura,1,0.37,0.07,90.0,38.5,37.0,33.3,116.0,24.0
Jubal,4,0.2,0.0,1.0,75.0,85.0,69.2,90.0,30.0
Ismaël Doukouré,4,0.03,0.03,20.0,76.5,65.0,61.9,103.0,21.0
Léo Pétrot,0,0.0,0.1,28.0,50.0,104.0,51.9,115.0,27.0
Jean-Charles Castelletto,4,0.0,0.0,21.0,100.0,59.0,65.4,91.0,29.0
Adrien Thomasson,3,0.1,0.24,30.0,43.3,109.0,27.4,206.0,30.0
Luis Henrique,3,0.24,0.24,84.0,56.0,26.0,0.0,116.0,22.0
Moses Simon,1,0.28,0.34,147.0,44.2,32.0,20.8,118.0,29.0
Charlie Cresswell,4,0.1,0.03,8.0,27.3,63.0,69.0,103.0,21.0
Arnaud Kalimuendo,1,0.59,0.1,50.0,33.9,23.0,27.2,63.0,22.0
Pierre Ekwah Elimby,0,0.03,0.0,20.0,56.3,101.0,69.8,154.0,22.0
Diego Moreira,3,0.07,0.25,99.0,45.6,79.0,48.2,139.0,19.0
Evann Guessand,1,0.42,0.28,87.0,47.6,59.0,41.9,98.0,23.0
Jonathan David,1,0.56,0.18,40.0,47.6,31.0,27.6,66.0,24.0
Guillaume Restes,2,0.0,0.04,0.0,0.0,3.0,0.0,50.0,19.0
Facundo Medina,4,0.0,0.04,46.0,37.0,76.0,55.6,165.0,25.0
Sergio Akieme,0,0.07,0.11,55.0,41.9,51.0,42.2,109.0,26.0
Dilane Bakwa,1,0.22,0.29,107.0,39.4,41.0,57.9,92.0,21.0
Mark McKenzie,4,0.04,0.04,10.0,44.4,74.0,56.4,128.0,25.0
Ludovic Ajorque,1,0.47,0.07,10.0,47.1,32.0,52.4,62.0,30.0
Clément Akpa,4,0.0,0.04,27.0,34.8,97.0,55.1,116.0,22.0
Adrien Rabiot,3,0.33,0.14,79.0,52.0,70.0,56.7,124.0,29.0
Loïc Nego,0,0.0,0.0,64.0,53.1,87.0,55.9,111.0,33.0
Michael Amir Murillo,0,0.04,0.11,43.0,51.9,67.0,71.2,138.0,28.0
Hicham Boudaoui,0,0.07,0.11,54.0,38.5,98.0,32.0,175.0,24.0
Brendan Chardonnet,4,0.04,0.0,7.0,,74.0,60.4,91.0,29.0
Maghnes Akliouche,1,0.19,0.37,127.0,48.5,66.0,17.9,131.0,22.0
Vincent Sierro,0,0.19,0.04,15.0,42.9,60.0,47.0,125.0,28.0
Thilo Kehrer,4,0.15,0.0,16.0,33.3,73.0,61.4,132.0,27.0
Clinton Mata,4,0.0,0.15,20.0,46.7,87.0,55.3,129.0,31.0
Mamadou Sarr,4,0.0,0.04,7.0,52.6,62.0,50.8,98.0,18.0
Téji Savanier,3,0.08,0.19,26.0,40.3,44.0,43.9,117.0,32.0
Lorenz Assignon,3,0.11,0.15,98.0,36.4,74.0,63.3,110.0,24.0
Habib Diarra,1,0.15,0.19,61.0,26.5,35.0,42.9,90.0,20.0
Pedro Chirivella,0,0.0,0.08,16.0,42.9,63.0,41.7,116.0,27.0
Elisha Owusu,0,0.04,0.12,8.0,39.1,115.0,38.1,154.0,26.0
Yann Gboho,1,0.19,0.15,116.0,41.0,37.0,15.6,107.0,23.0
Corentin Tolisso,3,0.27,0.15,31.0,52.4,79.0,48.2,128.0,29.0
Abdoulaye Touré,0,0.39,0.04,17.0,51.5,95.0,61.2,160.0,30.0
Hugo Magnetti,0,0.04,0.0,21.0,37.5,70.0,50.0,111.0,26.0
Etienne Youte Kinkoue,4,0.0,0.0,12.0,100.0,48.0,55.3,65.0,22.0
Douglas,0,0.16,0.08,14.0,60.0,101.0,39.7,111.0,27.0
Mickael Nade,4,0.04,0.08,17.0,37.5,92.0,75.7,113.0,25.0
Jonathan Clauss,3,0.12,0.31,53.0,39.3,100.0,59.3,114.0,31.0
Lassine Sinayoko,1,0.2,0.31,53.0,38.4,46.0,29.7,76.0,24.0
Ludovic Blas,3,0.24,0.31,83.0,37.9,51.0,22.9,88.0,26.0
Emanuel Emegha,1,0.55,0.12,37.0,25.0,7.0,40.0,60.0,21.0
Gideon Mensah,0,0.0,0.04,52.0,53.7,118.0,45.7,172.0,26.0
Leonardo Balerdi,4,0.0,0.0,13.0,68.8,92.0,65.0,161.0,25.0
Takumi Minamino,1,0.24,0.12,51.0,30.0,43.0,38.8,88.0,29.0
Andy Diouf,1,0.04,0.08,82.0,49.4,52.0,36.7,154.0,21.0
Moïse Bombito,4,0.0,0.0,27.0,70.6,55.0,48.0,97.0,24.0
Cédric Kipré,4,0.0,0.04,16.0,83.3,74.0,63.1,73.0,27.0
Bradley Barcola,1,0.58,0.41,137.0,24.8,46.0,66.7,67.0,21.0
Kelvin Amian,0,0.04,0.0,32.0,59.1,68.0,50.0,54.0,26.0
Gabriel Suazo,3,0.0,0.25,42.0,64.1,95.0,40.6,125.0,26.0
Denis Zakaria,0,0.25,0.17,27.0,58.3,75.0,60.0,165.0,27.0
Modibo Sagnan,4,0.08,0.0,13.0,65.0,86.0,48.7,90.0,25.0
Willian Pacho,4,0.0,0.04,3.0,28.6,96.0,52.7,119.0,22.0
Dennis Appiah,0,0.0,0.04,51.0,46.5,100.0,46.6,90.0,32.0
Ki-Jana Hoever,0,0.04,0.08,59.0,25.7,72.0,55.8,91.0,22.0
Jonathan Gradit,4,0.0,0.0,18.0,33.3,69.0,59.3,73.0,31.0
Sebastian Nanasi,3,0.26,0.17,53.0,47.5,27.0,21.4,71.0,22.0
Djibril Sidibé,0,0.0,0.13,16.0,57.9,85.0,63.0,99.0,32.0
Yassine Kechta,0,0.09,0.0,44.0,37.1,86.0,27.0,113.0,22.0
Wilfried Singo,4,0.04,0.09,35.0,46.2,80.0,63.8,138.0,23.0
Hamed Junior Traorè,1,0.43,0.09,66.0,34.7,49.0,37.5,100.0,24.0
Gianluigi Donnarumma,2,0.0,0.0,0.0,,1.0,100.0,40.0,25.0
Azor Matusiwa,0,0.04,0.13,19.0,77.3,98.0,60.9,134.0,26.0
Achraf Hakimi,3,0.17,0.26,93.0,50.0,79.0,42.9,136.0,25.0
Vanderson,3,0.04,0.13,57.0,50.0,115.0,46.8,153.0,23.0
Lamine Camara,3,0.09,0.31,25.0,48.0,97.0,50.0,153.0,20.0
Alexandre Lacazette,1,0.66,0.09,24.0,45.2,21.0,33.3,28.0,33.0
Nicolas Cozza,0,0.04,0.0,25.0,25.0,84.0,48.4,62.0,25.0
Warren Zaïre-Emery,3,0.04,0.09,49.0,54.1,74.0,39.1,136.0,18.0
Johann Lepenant,0,0.09,0.04,25.0,50.0,86.0,52.6,89.0,21.0
Carlens Arcus,0,0.0,0.04,39.0,44.4,79.0,55.4,81.0,28.0
Vitinha,3,0.22,0.04,53.0,67.5,57.0,16.7,144.0,24.0
Rayan Cherki,1,0.35,0.49,106.0,49.5,22.0,33.3,83.0,20.0
Geoffrey Kondogbia,4,0.0,0.0,20.0,66.7,82.0,64.3,108.0,31.0
Nicolas Pallois,4,0.0,0.09,6.0,42.9,89.0,55.6,96.0,36.0
Dylan Batubinsika,4,0.04,0.0,11.0,66.7,65.0,72.6,76.0,28.0
Lucas Beraldo,4,0.04,0.0,9.0,100.0,59.0,68.2,115.0,20.0
Nemanja Matić,0,0.0,0.04,35.0,61.5,60.0,53.6,125.0,35.0
Josué Casimir,1,0.18,0.18,71.0,45.8,44.0,28.1,83.0,22.0
Ainsley Maitland-Niles,3,0.05,0.18,33.0,42.5,96.0,51.7,89.0,26.0
Aurélio Buta,0,0.0,0.05,28.0,40.9,59.0,44.4,69.0,27.0
Dante,4,0.0,0.0,18.0,40.0,66.0,66.1,112.0,40.0
Jean-Eudes Aholou,0,0.09,0.0,15.0,42.9,89.0,62.3,100.0,30.0
Sinaly Diomande,4,0.14,0.09,8.0,57.1,69.0,56.0,86.0,23.0
Melvin Bard,3,0.09,0.05,53.0,44.9,82.0,54.5,124.0,23.0
Youssouf Ndayishimiye,4,0.14,0.0,17.0,75.0,61.0,56.9,114.0,25.0
Caio Henrique Oliveira Silva,3,0.0,0.28,57.0,73.7,59.0,44.8,110.0,27.0
Thomas Meunier,3,0.09,0.0,64.0,50.0,87.0,63.5,88.0,32.0
Fabián Ruiz Peña,3,0.19,0.23,47.0,70.0,53.0,38.5,135.0,28.0
Issa Soumaré,1,0.24,0.19,61.0,28.1,41.0,60.0,98.0,23.0
Nicolás Tagliafico,3,0.14,0.05,31.0,12.5,93.0,49.0,102.0,31.0
Zakaria Aboukhlal,1,0.33,0.09,34.0,30.2,28.0,36.7,61.0,24.0
Enzo Tchato,0,0.0,0.0,44.0,42.9,70.0,61.3,60.0,21.0
Farid El Melali,3,0.1,0.14,62.0,43.7,44.0,22.2,100.0,27.0
Joris Chotard,0,0.05,0.0,20.0,50.0,58.0,59.3,90.0,22.0
Lucas Stassin,1,0.57,0.19,26.0,41.7,19.0,34.1,34.0,19.0
João Neves,3,0.15,0.39,35.0,53.3,86.0,63.6,123.0,19.0
Breel Embolo,1,0.29,0.2,22.0,33.3,25.0,50.0,58.0,27.0
Gaëtan Laborde,1,0.54,0.2,30.0,48.6,25.0,50.5,49.0,30.0
Deiver Machado,3,0.05,0.2,42.0,48.9,52.0,50.0,89.0,30.0
Becir Omeragic,4,0.0,0.0,21.0,78.6,45.0,37.0,75.0,22.0
Florian Sotoca,1,0.05,0.05,44.0,41.0,36.0,62.3,79.0,33.0
Haris Belkebla,0,0.0,0.05,8.0,40.9,91.0,27.6,90.0,30.0
Gabriel Gudmundsson,3,0.1,0.0,71.0,39.2,53.0,60.0,83.0,25.0
Félix Lemaréchal,1,0.2,0.15,35.0,50.0,49.0,35.9,62.0,20.0
Pablo Rosario,0,0.15,0.05,17.0,52.9,61.0,60.0,60.0,27.0
Jordan Ferri,0,0.0,0.1,19.0,32.1,51.0,46.4,132.0,32.0
Benjamin Bouchouari,0,0.05,0.0,48.0,50.9,50.0,26.1,119.0,22.0
Hákon Arnar Haraldsson,3,0.26,0.15,52.0,55.1,44.0,12.5,71.0,21.0
Jim Allevinah,1,0.05,0.15,57.0,31.3,31.0,29.4,88.0,29.0
Eliesse Ben Seghir,1,0.31,0.15,85.0,36.5,44.0,37.1,86.0,19.0
Aïssa Mandi,4,0.0,0.0,12.0,75.0,46.0,38.9,67.0,32.0
Ousmane Dembélé,1,1.09,0.31,127.0,44.2,20.0,40.0,39.0,27.0
Désiré Doué,1,0.31,0.31,97.0,44.2,61.0,44.4,93.0,19.0
Marquinhos,4,0.1,0.0,29.0,75.0,41.0,65.3,103.0,30.0
Philipp Köhn,2,0.0,0.0,0.0,,0.0,100.0,37.0,26.0
Abdoulaye Niakhate Ndiaye,4,0.05,0.0,5.0,25.0,60.0,56.8,72.0,22.0
Joseph Okumu,4,0.05,0.0,18.0,77.8,55.0,63.6,94.0,27.0
Marshall Munetsi,1,0.21,0.11,8.0,50.0,53.0,46.1,72.0,28.0
Rabby Nzingoula,0,0.05,0.0,25.0,48.1,93.0,45.9,99.0,18.0
Hans Hateboer,4,0.0,0.0,28.0,60.0,60.0,63.6,62.0,30.0
Massadio Haïdara,0,0.0,0.0,44.0,53.6,53.0,67.6,54.0,31.0
Nuno Mendes,3,0.05,0.16,58.0,58.5,48.0,57.7,108.0,22.0
Joshua King,1,0.32,0.16,39.0,54.7,17.0,40.7,60.0,32.0
Lee Kang-in,1,0.32,0.32,50.0,56.9,28.0,33.3,73.0,23.0
Gabriel Osho,4,0.05,0.0,12.0,57.1,35.0,67.9,52.0,25.0
Esteban Lepaul,1,0.5,0.0,26.0,28.6,15.0,42.7,45.0,24.0
Oumar Diakité,1,0.22,0.06,24.0,35.1,23.0,29.8,59.0,20.0
Mohamed Ali Cho,1,0.17,0.22,81.0,28.6,18.0,32.5,69.0,20.0
Arthur Desmas,2,0.0,0.0,0.0,,0.0,100.0,12.0,30.0
Quentin Merlin,3,0.06,0.17,40.0,21.1,36.0,31.8,69.0,22.0
Malick Fofana,1,0.28,0.23,112.0,40.7,30.0,14.3,63.0,19.0
Neil El Aynaoui,0,0.45,0.06,11.0,23.8,69.0,61.5,90.0,23.0
Duje Ćaleta-Car,4,0.06,0.0,4.0,50.0,37.0,76.5,65.0,27.0
Mathias Pereira Lage,3,0.11,0.4,32.0,35.7,57.0,46.1,77.0,27.0
Anthony Lopes,2,0.0,0.0,0.0,,2.0,66.7,11.0,33.0
Valentin Rongier,3,0.17,0.06,25.0,68.8,83.0,54.2,86.0,29.0
Jordan Veretout,0,0.12,0.0,35.0,55.6,35.0,44.4,88.0,31.0
Brice Samba,2,0.0,0.0,0.0,100.0,1.0,,22.0,30.0
Brice Samba,2,0.0,0.0,0.0,,2.0,100.0,25.0,30.0
Pierre Lees-Melou,0,0.12,0.12,23.0,57.1,60.0,36.4,125.0,31.0
Yassin Belkhdim,0,0.06,0.06,17.0,13.3,74.0,25.0,74.0,22.0
Frank Magri,1,0.3,0.06,17.0,22.2,12.0,32.8,21.0,24.0
Nathan Zeze,4,0.0,0.0,2.0,75.0,61.0,52.8,63.0,19.0
Abdoulaye Bamba,4,0.0,0.0,1.0,100.0,41.0,39.3,47.0,34.0
Christian Mawissa,4,0.0,0.0,13.0,35.7,68.0,63.3,70.0,19.0
Steve Mandanda,2,0.0,0.0,0.0,100.0,0.0,100.0,26.0,39.0
Tanguy Coulibaly,1,0.18,0.0,48.0,53.7,43.0,45.2,70.0,23.0
M'Bala Nzola,1,0.37,0.06,26.0,36.8,10.0,51.4,36.0,27.0
Kévin Danois,0,0.0,0.0,19.0,51.2,69.0,43.8,102.0,20.0
Christopher Wooh,4,0.0,0.0,14.0,58.3,59.0,70.0,53.0,22.0
André Ayew,1,0.25,0.06,5.0,38.5,21.0,37.0,26.0,34.0
Georges Mikautadze,1,0.68,0.37,37.0,28.8,11.0,27.3,44.0,23.0
Mathieu Gorgelin,2,0.0,0.0,0.0,100.0,2.0,77.8,16.0,33.0
Derek Cornelius,4,0.0,0.0,10.0,0.0,38.0,71.1,67.0,26.0
Anass Zaroury,3,0.13,0.13,49.0,48.6,29.0,28.6,59.0,23.0
Ali Abdi,3,0.32,0.13,35.0,41.4,63.0,61.1,72.0,30.0
Przemysław Frankowski,3,0.26,0.13,33.0,37.5,51.0,57.1,61.0,29.0
Malang Sarr,4,0.0,0.0,4.0,50.0,43.0,78.3,69.0,25.0
Julien Le Cardinal,4,0.0,0.07,7.0,66.7,60.0,61.7,48.0,26.0
Radosław Majecki,2,0.0,0.0,0.0,,0.0,100.0,19.0,24.0
Emmanuel Biumla,4,0.07,0.0,3.0,58.3,27.0,57.1,37.0,19.0
Kamory Doumbia,0,0.2,0.14,17.0,54.3,69.0,31.3,87.0,21.0
Sorba Thomas,3,0.07,0.2,41.0,37.5,23.0,29.2,66.0,24.0
Lilian Raolisoa,3,0.0,0.2,33.0,43.4,56.0,57.7,76.0,24.0
Amadou Koné,0,0.0,0.0,19.0,60.0,68.0,50.0,79.0,19.0
Osame Sahraoui,1,0.21,0.21,69.0,44.3,20.0,0.0,58.0,23.0
André Gomes,0,0.0,0.0,18.0,41.7,33.0,56.3,92.0,31.0
Mathew Ryan,2,0.0,0.0,0.0,,2.0,100.0,11.0,32.0
Emmanuel Agbadou,4,0.0,0.0,10.0,75.0,44.0,62.1,85.0,27.0
Romain Del Castillo,3,0.43,0.29,29.0,43.2,37.0,40.0,73.0,28.0
Mostafa Mohamed,1,0.36,0.0,11.0,46.2,28.0,53.8,50.0,26.0
Florian Tardieu,0,0.14,0.29,11.0,23.1,33.0,63.6,83.0,32.0
Arouna Sangante,4,0.22,0.0,11.0,83.3,46.0,60.0,53.0,22.0
Abdallah Sima,1,0.51,0.15,36.0,26.1,16.0,48.2,61.0,23.0
Tanner Tessmann,0,0.07,0.0,11.0,50.0,44.0,17.4,63.0,22.0
Lilian Brassier,4,0.0,0.0,11.0,11.1,17.0,70.8,38.0,24.0
Lilian Brassier,4,0.07,0.07,21.0,50.0,37.0,78.9,59.0,24.0
Falaye Sacko,0,0.0,0.07,21.0,22.2,27.0,36.4,52.0,29.0
Mika Biereth,1,0.95,0.15,14.0,9.1,9.0,38.3,23.0,21.0
Leo Skiri Østigård,4,0.07,0.0,3.0,50.0,35.0,70.1,51.0,24.0
Ngal'Ayel Mukau,0,0.0,0.08,19.0,52.9,48.0,50.0,63.0,19.0
Shavy Babicka,1,0.3,0.15,36.0,29.7,24.0,29.2,54.0,24.0
Jordan James,0,0.0,0.08,21.0,42.9,44.0,58.8,54.0,20.0
Christopher Operi,3,0.0,0.15,28.0,51.9,27.0,64.7,51.0,27.0
Arnaud Nordin,1,0.31,0.08,51.0,45.1,29.0,38.7,47.0,26.0
Nhoa Sangui,0,0.0,0.16,21.0,52.6,24.0,33.3,64.0,18.0
Valentín Barco,0,0.0,0.16,20.0,45.0,49.0,50.0,79.0,20.0
Issiaga Sylla,0,0.08,0.0,33.0,60.0,35.0,55.0,51.0,30.0
Aleksandr Golovin,3,0.23,0.0,39.0,59.5,50.0,40.9,101.0,28.0
Ayyoub Bouaddi,0,0.0,0.08,11.0,48.3,60.0,50.0,62.0,16.0
Mama Samba Baldé,1,0.16,0.23,35.0,30.9,19.0,41.7,37.0,28.0
Mama Samba Baldé,1,0.0,0.0,1.0,0.0,3.0,100.0,1.0,28.0
Mitchel Bakker,3,0.24,0.16,43.0,52.4,35.0,23.1,46.0,24.0
Tanguy Ndombele,0,0.08,0.16,22.0,53.2,49.0,23.1,67.0,27.0
Mory Gbane,4,0.0,0.08,3.0,71.4,38.0,62.5,49.0,23.0
Ruben Aguilar,3,0.08,0.16,32.0,42.9,47.0,38.5,79.0,31.0
Djaoui Cissé,0,0.08,0.0,16.0,72.2,46.0,23.5,78.0,20.0
Wahbi Khazri,1,0.08,0.08,24.0,26.9,30.0,27.6,44.0,33.0
Musa Al-Taamari,1,0.16,0.08,55.0,32.4,17.0,44.4,49.0,27.0
Musa Al-Taamari,1,0.16,0.0,21.0,35.0,6.0,18.2,17.0,27.0
Timothee Pembele,0,0.08,0.0,27.0,51.7,41.0,41.7,46.0,21.0
Jaydee Canvot,4,0.0,0.0,9.0,70.0,34.0,55.2,50.0,18.0
Edimilson Fernandes,4,0.0,0.08,7.0,75.0,29.0,55.6,69.0,28.0
Badredine Bouanani,1,0.25,0.25,47.0,38.9,22.0,11.1,44.0,19.0
Abner,3,0.08,0.08,31.0,50.0,34.0,43.8,45.0,24.0
Alban Lafont,2,0.0,0.0,0.0,,1.0,100.0,11.0,25.0
Kevin Danso,4,0.0,0.0,9.0,16.7,39.0,66.1,59.0,25.0
Akor Adams,1,0.25,0.08,11.0,50.0,5.0,50.9,24.0,24.0
Gonçalo Ramos,1,0.84,0.25,11.0,9.1,11.0,57.1,18.0,23.0
Matias Fernandez-Pardo,1,0.34,0.17,46.0,40.0,15.0,0.0,35.0,19.0
Sofiane Diop,3,0.51,0.34,26.0,32.3,40.0,27.3,73.0,24.0
Irvin Cardona,1,0.42,0.25,30.0,27.3,10.0,55.6,26.0,26.0
Rassoul Ndiaye,0,0.08,0.0,6.0,25.0,47.0,38.2,66.0,22.0
Jeremie Boga,1,0.09,0.17,64.0,39.1,13.0,42.9,44.0,27.0
Ernest Nuamah,1,0.26,0.09,44.0,51.2,29.0,48.1,60.0,20.0
Amine Gouiri,3,0.86,0.26,17.0,45.5,6.0,16.7,24.0,24.0
Amine Gouiri,3,0.26,0.17,22.0,45.5,11.0,34.8,40.0,24.0
Han-Noah Massengo,0,0.0,0.0,13.0,34.5,34.0,38.9,57.0,23.0
Angelo Fulgini,1,0.09,0.09,29.0,28.9,16.0,37.5,52.0,27.0
Louis Mouton,0,0.0,0.09,18.0,50.0,59.0,31.3,63.0,22.0
Neal Maupay,1,0.35,0.35,12.0,42.9,11.0,36.4,21.0,27.0
Aimen Moueffek,0,0.0,0.09,20.0,45.8,25.0,34.6,59.0,23.0
Yunis Abdelhamid,4,0.0,0.0,4.0,42.9,31.0,65.5,42.0,36.0
Khalil Fayad,0,0.0,0.0,25.0,44.7,41.0,60.0,74.0,20.0
Soungoutou Magassa,0,0.0,0.09,6.0,65.2,68.0,38.2,90.0,20.0
Mohammed Salisu,4,0.09,0.0,8.0,0.0,44.0,66.0,55.0,25.0
Warren Kamanzi,0,0.09,0.09,29.0,55.2,38.0,87.5,56.0,23.0
Saidou Sow,4,0.11,0.0,2.0,66.7,30.0,41.9,32.0,22.0
Saidou Sow,4,0.0,0.09,0.0,50.0,24.0,51.6,36.0,22.0
Théo Sainte-Luce,0,0.09,0.0,19.0,60.0,36.0,51.7,38.0,25.0
Rémy Cabella,1,0.09,0.18,45.0,50.0,47.0,27.3,63.0,34.0
Paul Joly,3,0.0,0.09,28.0,22.2,74.0,61.9,56.0,24.0
Oussama Targhalline,0,0.0,0.0,25.0,38.5,38.0,57.1,43.0,22.0
Edon Zhegrova,1,0.37,0.09,37.0,41.8,9.0,60.0,42.0,25.0
Yanis Zouaoui,3,0.0,0.18,33.0,72.2,28.0,63.6,41.0,30.0
Abdukodir Khusanov,4,0.0,0.0,2.0,100.0,41.0,69.2,50.0,20.0
Anthony Rouault,4,0.0,0.0,3.0,,20.0,65.1,48.0,23.0
Ado Onaiwu,1,0.38,0.09,17.0,44.0,14.0,58.7,45.0,28.0
Junior Mwanga,0,0.09,0.19,15.0,43.8,34.0,56.3,61.0,21.0
Junior Mwanga,0,0.0,0.0,2.0,33.3,19.0,100.0,16.0,21.0
Thiago Almada,1,0.09,0.38,38.0,57.1,21.0,33.3,56.0,23.0
Sael Kumbedi,0,0.0,0.0,23.0,40.9,36.0,30.0,32.0,19.0
Marcus Coco,0,0.0,0.09,12.0,30.0,38.0,56.7,42.0,28.0
Abakar Sylla,4,0.09,0.0,0.0,50.0,38.0,57.1,39.0,21.0
Yael Mouanga,4,0.0,0.0,4.0,100.0,24.0,48.3,29.0,19.0
Antoine Joujou,1,0.0,0.19,44.0,49.2,25.0,21.7,59.0,21.0
Ibrahima Niane,1,0.29,0.1,19.0,31.6,9.0,41.3,32.0,25.0
Theo Bair,1,0.19,0.1,15.0,25.0,7.0,54.5,15.0,24.0
Ulisses Garcia,3,0.19,0.19,23.0,38.9,22.0,73.9,48.0,28.0
Jérémy Jacquet,0,0.0,0.1,8.0,62.5,53.0,65.5,41.0,19.0
Baptiste Santamaria,0,0.0,0.0,10.0,61.5,38.0,64.9,49.0,29.0
Baptiste Santamaria,0,0.0,0.19,3.0,20.0,23.0,50.0,34.0,29.0
Khvicha Kvaratskhelia,1,0.39,0.29,50.0,47.2,21.0,37.5,27.0,23.0
Wesley Saïd,1,0.3,0.0,16.0,47.4,18.0,38.5,17.0,29.0
Ismaily,3,0.0,0.1,15.0,42.1,46.0,44.4,46.0,34.0
Romain Faivre,1,0.3,0.2,24.0,40.5,17.0,41.2,42.0,26.0
Hiroki Sekine,0,0.0,0.0,22.0,50.0,14.0,50.0,21.0,21.0
Goduine Koyalipou,1,0.41,0.0,15.0,48.0,4.0,40.0,15.0,24.0
Matvei Safonov,2,0.0,0.0,0.0,,1.0,,15.0,25.0
Lucas Hernández,4,0.0,0.0,6.0,66.7,31.0,68.4,45.0,28.0
Mathis Amougou,0,0.0,0.0,8.0,31.3,33.0,20.0,37.0,18.0
Mamadou Diakhon,1,0.21,0.1,61.0,41.0,16.0,7.1,38.0,18.0
Mohamed Abdelmoneim,4,0.0,0.0,6.0,25.0,36.0,62.0,50.0,25.0
Koka,1,0.32,0.11,0.0,50.0,8.0,48.8,24.0,31.0
Zinedine Ferhat,3,0.21,0.0,16.0,45.5,19.0,45.9,47.0,31.0
Seko Fofana,3,0.11,0.11,32.0,50.0,18.0,70.0,42.0,29.0
Antoine Mendy,0,0.0,0.0,12.0,41.7,38.0,56.7,48.0,20.0
Ibrahim Sissoko,1,0.33,0.11,14.0,27.3,13.0,38.2,23.0,28.0
Louis Leroux,0,0.22,0.11,11.0,40.0,33.0,44.4,43.0,18.0
Albert Grønbaek,3,0.22,0.11,23.0,29.7,25.0,26.7,24.0,23.0
Senny Mayulu,1,0.22,0.22,29.0,45.5,30.0,9.1,32.0,18.0
Jonathan Rowe,1,0.33,0.33,30.0,41.7,17.0,33.3,21.0,21.0
Alidu Seidu,0,0.0,0.0,23.0,50.0,36.0,45.0,67.0,24.0
Yoann Salmier,4,0.0,0.0,7.0,80.0,24.0,64.5,22.0,31.0
Yvann Macon,0,0.0,0.0,25.0,47.4,21.0,20.0,42.0,25.0
Jordan Amavi,0,0.0,0.0,22.0,53.8,31.0,71.4,35.0,30.0
Tom Louchet,3,0.12,0.0,19.0,30.8,45.0,78.6,36.0,21.0
Sekou Mara,1,0.12,0.12,9.0,40.7,12.0,45.2,21.0,22.0
Maxime Bernauer,4,0.0,0.0,7.0,66.7,14.0,61.1,37.0,26.0
Boubakar Kouyaté,4,0.0,0.0,3.0,,34.0,59.5,18.0,27.0
Teddy Teuma,3,0.12,0.0,9.0,25.0,30.0,33.3,42.0,30.0
Angel Gomes,1,0.12,0.12,15.0,50.0,10.0,45.5,20.0,23.0
Saïd Benrahma,1,0.12,0.37,41.0,27.6,12.0,,32.0,28.0
Augustine Boakye,1,0.37,0.0,25.0,54.2,13.0,26.3,27.0,23.0
Mathieu Cafaro,1,0.12,0.0,19.0,41.2,17.0,42.9,30.0,27.0
Rayan Raveloson,0,0.12,0.0,5.0,53.8,11.0,47.1,44.0,27.0
George Ilenikhena,1,0.38,0.25,8.0,17.6,6.0,46.7,10.0,17.0
Lucas Mincarelli,0,0.13,0.0,15.0,20.0,26.0,35.7,25.0,20.0
Jacques Ekomie,0,0.0,0.0,13.0,19.0,26.0,45.8,33.0,20.0
Mikayil Ngor Faye,4,0.0,0.0,12.0,33.3,27.0,60.9,41.0,20.0
Abdulai Juma Bah,4,0.0,0.0,3.0,100.0,33.0,79.3,37.0,18.0
Pol Lirola,4,0.13,0.26,12.0,33.3,17.0,36.4,29.0,26.0
Assane Dioussé,0,0.0,0.0,1.0,33.3,27.0,25.0,41.0,26.0
Glen Kamara,0,0.0,0.14,5.0,50.0,30.0,25.0,42.0,28.0
Emmanuel Sabbi,1,0.0,0.0,11.0,37.9,17.0,40.9,26.0,26.0
Ismaël Bennacer,3,0.0,0.28,14.0,63.6,31.0,33.3,50.0,26.0
Chuba Akpom,1,0.42,0.14,6.0,44.4,8.0,60.7,11.0,28.0
Luck Zogbé,0,0.0,0.0,4.0,21.1,46.0,75.0,51.0,19.0
Rémy Labeau Lascary,1,0.28,0.14,17.0,46.2,17.0,46.2,21.0,21.0
Yaya Kader Fofana,1,0.14,0.14,19.0,63.6,20.0,28.6,33.0,20.0
Rasmus Nicolaisen,4,0.0,0.14,3.0,50.0,16.0,70.0,29.0,27.0
Marco Asensio,1,0.29,0.58,19.0,50.0,4.0,33.3,18.0,28.0
Folarin Balogun,1,0.59,0.0,21.0,22.2,2.0,16.7,15.0,23.0
Andy Delort,1,0.0,0.0,4.0,60.0,4.0,45.0,9.0,32.0
Jhoanner Chávez,3,0.15,0.0,14.0,50.0,15.0,58.3,25.0,22.0
Fodé Ballo-Touré,0,0.0,0.0,15.0,35.7,12.0,44.4,31.0,27.0
Nampalys Mendy,0,0.0,0.15,2.0,25.0,24.0,50.0,30.0,32.0
Mahamadou Diawara,0,0.0,0.15,9.0,46.2,33.0,22.2,40.0,19.0
Mahamadou Diawara,0,0.0,0.0,1.0,,1.0,,3.0,19.0
Nikola Maksimović,4,0.0,0.0,1.0,100.0,15.0,38.1,14.0,32.0
Pierre Cornud,0,0.0,0.0,11.0,28.6,21.0,42.9,33.0,27.0
Florian Ayé,1,0.31,0.0,5.0,100.0,9.0,26.0,14.0,27.0
Elye Wahi,1,0.47,0.16,7.0,20.0,1.0,23.5,8.0,21.0
Maxence Caqueret,0,0.0,0.0,14.0,38.9,28.0,25.0,24.0,24.0
Jordan Teze,3,0.16,0.0,9.0,50.0,24.0,46.7,29.0,24.0
Daler Kuzyaev,0,0.16,0.0,4.0,66.7,22.0,63.6,27.0,31.0
John Joe,0,0.0,0.0,6.0,33.3,30.0,43.5,31.0,20.0
Mohamed Meité,1,0.33,0.0,8.0,9.1,2.0,57.7,5.0,16.0
Andrew Omobamidele,4,0.0,0.0,0.0,50.0,15.0,75.0,25.0,22.0
Jean-Kevin Duverne,0,0.0,0.0,6.0,40.0,29.0,75.0,20.0,27.0
Bamba Dieng,1,0.51,0.0,6.0,14.3,4.0,27.3,5.0,24.0
Ben Old,1,0.0,0.0,16.0,40.9,9.0,16.7,24.0,21.0
Amine Harit,3,0.35,0.69,13.0,40.0,11.0,16.7,24.0,27.0
Tino Kadewere,1,0.18,0.35,5.0,26.7,20.0,55.6,34.0,28.0
Krépin Diatta,3,0.0,0.0,17.0,61.5,27.0,62.5,36.0,25.0
